-- INSERT INTO datasets table
INSERT INTO geohub.dataset VALUES ('add1242d0e4a705d75fd93fe7754e179', 'https://undpgeohub.blob.core.windows.net/hrea/Electricity_access_forecast_2021_1km.tif', true, 'Creative Commons BY 4.0', '0103000020E6100000010000000500000071DFCC493A5A5DC08542BFFA87C64BC021FB78A40F8665408542BFFA87C64BC021FB78A40F86654022406DE6B2134A4071DFCC493A5A5DC022406DE6B2134A4071DFCC493A5A5DC08542BFFA87C64BC0', '2024-07-16 08:22:58.806+00', '2024-07-16 08:22:58.806+00', 'Electricity Access Forecast 2021 1km', 'Predicted likelihood that a settlement is electrified (0 to 1). The High Resolution Electricity Access (HREA) project leverages high resolution satellite data to generate estimates of electrification access at a higher spatial resolution than ever before. The estimates are derived from the first long-scale analysis of the complete archive of nighttime light imagery from the VIIRS sensor, from 2012–present, tracked against new population estimates based on computer vision techniques identifying all human-built settlement structures.', 'jin.igarashi@undp.org', 'jin.igarashi@undp.org', 3);
INSERT INTO geohub.dataset VALUES ('6978ef8b35e07ca5e12e263ec5f24ca6', 'https://undpgeohub.blob.core.windows.net/hrea/Electricity_access_forecast_2022_1km.tif', true, 'Creative Commons BY 4.0', '0103000020E6100000010000000500000071DFCC493A5A5DC08542BFFA87C64BC021FB78A40F8665408542BFFA87C64BC021FB78A40F86654022406DE6B2134A4071DFCC493A5A5DC022406DE6B2134A4071DFCC493A5A5DC08542BFFA87C64BC0', '2024-07-16 08:24:57.456+00', '2024-07-16 08:24:57.456+00', 'Electricity Access Forecast 2022 1km', 'Predicted likelihood that a settlement is electrified (0 to 1). The High Resolution Electricity Access (HREA) project leverages high resolution satellite data to generate estimates of electrification access at a higher spatial resolution than ever before. The estimates are derived from the first long-scale analysis of the complete archive of nighttime light imagery from the VIIRS sensor, from 2012–present, tracked against new population estimates based on computer vision techniques identifying all human-built settlement structures.', 'jin.igarashi@undp.org', 'jin.igarashi@undp.org', 3);
INSERT INTO geohub.dataset VALUES ('3504d57c71101d974943410a1403cd1d', 'https://undpgeohub.blob.core.windows.net/hrea/Electricity_access_forecast_2023_1km.tif', true, 'Creative Commons BY 4.0', '0103000020E6100000010000000500000071DFCC493A5A5DC08542BFFA87C64BC021FB78A40F8665408542BFFA87C64BC021FB78A40F86654022406DE6B2134A4071DFCC493A5A5DC022406DE6B2134A4071DFCC493A5A5DC08542BFFA87C64BC0', '2024-07-16 08:27:09.666+00', '2024-07-16 08:27:09.666+00', 'Electricity Access Forecast 2023 1km', 'Predicted likelihood that a settlement is electrified (0 to 1). The High Resolution Electricity Access (HREA) project leverages high resolution satellite data to generate estimates of electrification access at a higher spatial resolution than ever before. The estimates are derived from the first long-scale analysis of the complete archive of nighttime light imagery from the VIIRS sensor, from 2012–present, tracked against new population estimates based on computer vision techniques identifying all human-built settlement structures.', 'jin.igarashi@undp.org', 'jin.igarashi@undp.org', 3);
INSERT INTO geohub.dataset VALUES ('23b67271e93a510e1c5fc4075fecfc9c', 'https://undpgeohub.blob.core.windows.net/hrea/Electricity_access_forecast_2024_1km.tif', true, 'Creative Commons BY 4.0', '0103000020E61000000100000005000000986BCC493A5A5DC04355BEFA87C64BC051CE78A40F8665404355BEFA87C64BC051CE78A40F866540FE6D6DE6B2134A40986BCC493A5A5DC0FE6D6DE6B2134A40986BCC493A5A5DC04355BEFA87C64BC0', '2024-07-16 08:30:17.618+00', '2024-07-16 08:35:06.161+00', 'Electricity Access Forecast 2024 1km', 'Predicted likelihood that a settlement is electrified (0 to 1). The High Resolution Electricity Access (HREA) project leverages high resolution satellite data to generate estimates of electrification access at a higher spatial resolution than ever before. The estimates are derived from the first long-scale analysis of the complete archive of nighttime light imagery from the VIIRS sensor, from 2012–present, tracked against new population estimates based on computer vision techniques identifying all human-built settlement structures.', 'jin.igarashi@undp.org', 'jin.igarashi@undp.org', 3);
INSERT INTO geohub.dataset VALUES ('d5252ef98bfc95ffb6b5152a5783fa70', 'https://undpgeohub.blob.core.windows.net/hrea/Electricity_access_forecast_2025_1km.tif', true, 'Creative Commons BY 4.0', '0103000020E61000000100000005000000986BCC493A5A5DC04355BEFA87C64BC051CE78A40F8665404355BEFA87C64BC051CE78A40F866540FE6D6DE6B2134A40986BCC493A5A5DC0FE6D6DE6B2134A40986BCC493A5A5DC04355BEFA87C64BC0', '2024-07-16 08:31:44.109+00', '2024-07-16 08:35:17.186+00', 'Electricity Access Forecast 2025 1km', 'Predicted likelihood that a settlement is electrified (0 to 1). The High Resolution Electricity Access (HREA) project leverages high resolution satellite data to generate estimates of electrification access at a higher spatial resolution than ever before. The estimates are derived from the first long-scale analysis of the complete archive of nighttime light imagery from the VIIRS sensor, from 2012–present, tracked against new population estimates based on computer vision techniques identifying all human-built settlement structures.', 'jin.igarashi@undp.org', 'jin.igarashi@undp.org', 3);
INSERT INTO geohub.dataset VALUES ('3f70e55304345faad0aacd2334ece862', 'https://undpgeohub.blob.core.windows.net/hrea/Electricity_access_forecast_2026_1km.tif', true, 'Creative Commons BY 4.0', '0103000020E6100000010000000500000071DFCC493A5A5DC08542BFFA87C64BC021FB78A40F8665408542BFFA87C64BC021FB78A40F86654022406DE6B2134A4071DFCC493A5A5DC022406DE6B2134A4071DFCC493A5A5DC08542BFFA87C64BC0', '2024-07-16 08:37:33.47+00', '2024-07-16 08:37:33.47+00', 'Electricity Access Forecast 2026 1km', 'Predicted likelihood that a settlement is electrified (0 to 1). The High Resolution Electricity Access (HREA) project leverages high resolution satellite data to generate estimates of electrification access at a higher spatial resolution than ever before. The estimates are derived from the first long-scale analysis of the complete archive of nighttime light imagery from the VIIRS sensor, from 2012–present, tracked against new population estimates based on computer vision techniques identifying all human-built settlement structures.', 'jin.igarashi@undp.org', 'jin.igarashi@undp.org', 3);
INSERT INTO geohub.dataset VALUES ('6befca9038ea303bfc1319415b51f923', 'https://undpgeohub.blob.core.windows.net/hrea/Electricity_access_forecast_2027_1km.tif', true, 'Creative Commons BY 4.0', '0103000020E6100000010000000500000071DFCC493A5A5DC08542BFFA87C64BC021FB78A40F8665408542BFFA87C64BC021FB78A40F86654022406DE6B2134A4071DFCC493A5A5DC022406DE6B2134A4071DFCC493A5A5DC08542BFFA87C64BC0', '2024-07-16 08:39:17.648+00', '2024-07-16 08:39:17.648+00', 'Electricity Access Forecast 2027 1km', 'Predicted likelihood that a settlement is electrified (0 to 1). The High Resolution Electricity Access (HREA) project leverages high resolution satellite data to generate estimates of electrification access at a higher spatial resolution than ever before. The estimates are derived from the first long-scale analysis of the complete archive of nighttime light imagery from the VIIRS sensor, from 2012–present, tracked against new population estimates based on computer vision techniques identifying all human-built settlement structures.', 'jin.igarashi@undp.org', 'jin.igarashi@undp.org', 3);
INSERT INTO geohub.dataset VALUES ('8e3ff7e2b48a07fe39b99c1e8fb7bab7', 'https://undpgeohub.blob.core.windows.net/hrea/Electricity_access_forecast_2028_1km.tif', true, 'Creative Commons BY 4.0', '0103000020E6100000010000000500000071DFCC493A5A5DC08542BFFA87C64BC021FB78A40F8665408542BFFA87C64BC021FB78A40F86654022406DE6B2134A4071DFCC493A5A5DC022406DE6B2134A4071DFCC493A5A5DC08542BFFA87C64BC0', '2024-07-16 08:40:46.784+00', '2024-07-16 08:40:46.784+00', 'Electricity Access Forecast 2028 1km', 'Predicted likelihood that a settlement is electrified (0 to 1). The High Resolution Electricity Access (HREA) project leverages high resolution satellite data to generate estimates of electrification access at a higher spatial resolution than ever before. The estimates are derived from the first long-scale analysis of the complete archive of nighttime light imagery from the VIIRS sensor, from 2012–present, tracked against new population estimates based on computer vision techniques identifying all human-built settlement structures.', 'jin.igarashi@undp.org', 'jin.igarashi@undp.org', 3);
INSERT INTO geohub.dataset VALUES ('f91d5b1a279ebed4daae06d2c3e55da9', 'https://undpgeohub.blob.core.windows.net/hrea/Electricity_access_forecast_2029_1km.tif', true, 'Creative Commons BY 4.0', '0103000020E6100000010000000500000071DFCC493A5A5DC08542BFFA87C64BC021FB78A40F8665408542BFFA87C64BC021FB78A40F86654022406DE6B2134A4071DFCC493A5A5DC022406DE6B2134A4071DFCC493A5A5DC08542BFFA87C64BC0', '2024-07-16 08:43:10.523+00', '2024-07-16 08:43:10.523+00', 'Electricity Access Forecast 2029 1km', 'Predicted likelihood that a settlement is electrified (0 to 1). The High Resolution Electricity Access (HREA) project leverages high resolution satellite data to generate estimates of electrification access at a higher spatial resolution than ever before. The estimates are derived from the first long-scale analysis of the complete archive of nighttime light imagery from the VIIRS sensor, from 2012–present, tracked against new population estimates based on computer vision techniques identifying all human-built settlement structures.', 'jin.igarashi@undp.org', 'jin.igarashi@undp.org', 3);
INSERT INTO geohub.dataset VALUES ('848131f9ba188d9a5b102ee4fbe4fed3', 'https://undpgeohub.blob.core.windows.net/hrea/Electricity_access_forecast_2030_1km.tif', true, 'Creative Commons BY 4.0', '0103000020E6100000010000000500000071DFCC493A5A5DC08542BFFA87C64BC021FB78A40F8665408542BFFA87C64BC021FB78A40F86654022406DE6B2134A4071DFCC493A5A5DC022406DE6B2134A4071DFCC493A5A5DC08542BFFA87C64BC0', '2024-07-16 08:44:48.186+00', '2024-07-16 08:44:48.186+00', 'Electricity Access Forecast 2030 1km', 'Predicted likelihood that a settlement is electrified (0 to 1). The High Resolution Electricity Access (HREA) project leverages high resolution satellite data to generate estimates of electrification access at a higher spatial resolution than ever before. The estimates are derived from the first long-scale analysis of the complete archive of nighttime light imagery from the VIIRS sensor, from 2012–present, tracked against new population estimates based on computer vision techniques identifying all human-built settlement structures.', 'jin.igarashi@undp.org', 'jin.igarashi@undp.org', 3);
INSERT INTO geohub.dataset VALUES ('2d4a3091ff7a97e6ebea5c86267ae37d', 'https://undpgeohub.blob.core.windows.net/hrea/Electricity_access_estimate_2012_1km.tif', true, 'Creative Commons BY 4.0', '0103000020E6100000010000000500000071DFCC493A5A5DC0F0B9BA9E33C54BC07475E3A4C8856540F0B9BA9E33C54BC07475E3A4C885654021406DE6B2134A4071DFCC493A5A5DC021406DE6B2134A4071DFCC493A5A5DC0F0B9BA9E33C54BC0', '2024-07-16 09:03:21.425+00', '2024-07-16 09:03:21.425+00', 'Electricity Access Estimate 2012 1km', 'Predicted likelihood that a settlement is electrified (0 to 1). The High Resolution Electricity Access (HREA) project leverages high resolution satellite data to generate estimates of electrification access at a higher spatial resolution than ever before. The estimates are derived from the first long-scale analysis of the complete archive of nighttime light imagery from the VIIRS sensor, from 2012–present, tracked against new population estimates based on computer vision techniques identifying all human-built settlement structures.', 'jin.igarashi@undp.org', 'jin.igarashi@undp.org', 3);
INSERT INTO geohub.dataset VALUES ('3f738c54bedbc52a08735bc4efa63d20', 'https://undpgeohub.blob.core.windows.net/hrea/Electricity_access_estimate_2013_1km.tif', true, 'Creative Commons BY 4.0', '0103000020E6100000010000000500000071DFCC493A5A5DC0F0B9BA9E33C54BC07475E3A4C8856540F0B9BA9E33C54BC07475E3A4C885654021406DE6B2134A4071DFCC493A5A5DC021406DE6B2134A4071DFCC493A5A5DC0F0B9BA9E33C54BC0', '2024-07-16 09:04:51.534+00', '2024-07-16 09:04:51.534+00', 'Electricity Access Estimate 2013 1km', 'Predicted likelihood that a settlement is electrified (0 to 1). The High Resolution Electricity Access (HREA) project leverages high resolution satellite data to generate estimates of electrification access at a higher spatial resolution than ever before. The estimates are derived from the first long-scale analysis of the complete archive of nighttime light imagery from the VIIRS sensor, from 2012–present, tracked against new population estimates based on computer vision techniques identifying all human-built settlement structures.', 'jin.igarashi@undp.org', 'jin.igarashi@undp.org', 3);
INSERT INTO geohub.dataset VALUES ('e20bcc8ef2024d811fb4cf3e69c3ae37', 'https://undpgeohub.blob.core.windows.net/hrea/Electricity_access_estimate_2014_1km.tif', true, 'Creative Commons BY 4.0', '0103000020E6100000010000000500000071DFCC493A5A5DC0F0B9BA9E33C54BC07475E3A4C8856540F0B9BA9E33C54BC07475E3A4C885654021406DE6B2134A4071DFCC493A5A5DC021406DE6B2134A4071DFCC493A5A5DC0F0B9BA9E33C54BC0', '2024-07-16 09:06:06.016+00', '2024-07-16 09:06:06.016+00', 'Electricity Access Estimate 2014 1km', 'Predicted likelihood that a settlement is electrified (0 to 1). The High Resolution Electricity Access (HREA) project leverages high resolution satellite data to generate estimates of electrification access at a higher spatial resolution than ever before. The estimates are derived from the first long-scale analysis of the complete archive of nighttime light imagery from the VIIRS sensor, from 2012–present, tracked against new population estimates based on computer vision techniques identifying all human-built settlement structures.', 'jin.igarashi@undp.org', 'jin.igarashi@undp.org', 3);
INSERT INTO geohub.dataset VALUES ('60566fcdfe72a3bd74eebf9af0a0e078', 'https://undpgeohub.blob.core.windows.net/hrea/Electricity_access_estimate_2015_1km.tif', true, 'Creative Commons BY 4.0', '0103000020E6100000010000000500000071DFCC493A5A5DC0F0B9BA9E33C54BC07475E3A4C8856540F0B9BA9E33C54BC07475E3A4C885654021406DE6B2134A4071DFCC493A5A5DC021406DE6B2134A4071DFCC493A5A5DC0F0B9BA9E33C54BC0', '2024-07-16 09:09:02.548+00', '2024-07-16 09:09:02.548+00', 'Electricity Access Estimate 2015 1km', 'Predicted likelihood that a settlement is electrified (0 to 1). The High Resolution Electricity Access (HREA) project leverages high resolution satellite data to generate estimates of electrification access at a higher spatial resolution than ever before. The estimates are derived from the first long-scale analysis of the complete archive of nighttime light imagery from the VIIRS sensor, from 2012–present, tracked against new population estimates based on computer vision techniques identifying all human-built settlement structures.', 'jin.igarashi@undp.org', 'jin.igarashi@undp.org', 3);
INSERT INTO geohub.dataset VALUES ('0c99b27a7ac2fdee636f17f2a8aa8854', 'https://undpgeohub.blob.core.windows.net/hrea/Electricity_access_estimate_2016_1km.tif', true, 'Creative Commons BY 4.0', '0103000020E6100000010000000500000071DFCC493A5A5DC0F0B9BA9E33C54BC07475E3A4C8856540F0B9BA9E33C54BC07475E3A4C885654021406DE6B2134A4071DFCC493A5A5DC021406DE6B2134A4071DFCC493A5A5DC0F0B9BA9E33C54BC0', '2024-07-16 09:10:19.85+00', '2024-07-16 09:10:19.85+00', 'Electricity Access Estimate 2016 1km', 'Predicted likelihood that a settlement is electrified (0 to 1). The High Resolution Electricity Access (HREA) project leverages high resolution satellite data to generate estimates of electrification access at a higher spatial resolution than ever before. The estimates are derived from the first long-scale analysis of the complete archive of nighttime light imagery from the VIIRS sensor, from 2012–present, tracked against new population estimates based on computer vision techniques identifying all human-built settlement structures.', 'jin.igarashi@undp.org', 'jin.igarashi@undp.org', 3);
INSERT INTO geohub.dataset VALUES ('e7e87d4aea658252239e5f0814e43dc0', 'https://undpgeohub.blob.core.windows.net/hrea/Electricity_access_estimate_2017_1km.tif', true, 'Creative Commons BY 4.0', '0103000020E6100000010000000500000071DFCC493A5A5DC0F0B9BA9E33C54BC07475E3A4C8856540F0B9BA9E33C54BC07475E3A4C885654021406DE6B2134A4071DFCC493A5A5DC021406DE6B2134A4071DFCC493A5A5DC0F0B9BA9E33C54BC0', '2024-07-16 09:11:32.999+00', '2024-07-16 09:11:32.999+00', 'Electricity Access Estimate 2017 1km', 'Predicted likelihood that a settlement is electrified (0 to 1). The High Resolution Electricity Access (HREA) project leverages high resolution satellite data to generate estimates of electrification access at a higher spatial resolution than ever before. The estimates are derived from the first long-scale analysis of the complete archive of nighttime light imagery from the VIIRS sensor, from 2012–present, tracked against new population estimates based on computer vision techniques identifying all human-built settlement structures.', 'jin.igarashi@undp.org', 'jin.igarashi@undp.org', 3);
INSERT INTO geohub.dataset VALUES ('58b0cedfafab6157c851dd650607cc71', 'https://undpgeohub.blob.core.windows.net/hrea/Electricity_access_estimate_2018_1km.tif', true, 'Creative Commons BY 4.0', '0103000020E6100000010000000500000071DFCC493A5A5DC0F0B9BA9E33C54BC07475E3A4C8856540F0B9BA9E33C54BC07475E3A4C885654021406DE6B2134A4071DFCC493A5A5DC021406DE6B2134A4071DFCC493A5A5DC0F0B9BA9E33C54BC0', '2024-07-16 09:12:57.857+00', '2024-07-16 09:12:57.857+00', 'Electricity Access Estimate 2018 1km', 'Predicted likelihood that a settlement is electrified (0 to 1). The High Resolution Electricity Access (HREA) project leverages high resolution satellite data to generate estimates of electrification access at a higher spatial resolution than ever before. The estimates are derived from the first long-scale analysis of the complete archive of nighttime light imagery from the VIIRS sensor, from 2012–present, tracked against new population estimates based on computer vision techniques identifying all human-built settlement structures.', 'jin.igarashi@undp.org', 'jin.igarashi@undp.org', 3);
INSERT INTO geohub.dataset VALUES ('3493ef92a9609f435cd56414dd1d2db0', 'https://undpgeohub.blob.core.windows.net/hrea/Electricity_access_estimate_2019_1km.tif', true, 'Creative Commons BY 4.0', '0103000020E6100000010000000500000071DFCC493A5A5DC0F0B9BA9E33C54BC07475E3A4C8856540F0B9BA9E33C54BC07475E3A4C885654021406DE6B2134A4071DFCC493A5A5DC021406DE6B2134A4071DFCC493A5A5DC0F0B9BA9E33C54BC0', '2024-07-16 09:14:21.302+00', '2024-07-16 09:14:21.302+00', 'Electricity Access Estimate 2019 1km', 'Predicted likelihood that a settlement is electrified (0 to 1). The High Resolution Electricity Access (HREA) project leverages high resolution satellite data to generate estimates of electrification access at a higher spatial resolution than ever before. The estimates are derived from the first long-scale analysis of the complete archive of nighttime light imagery from the VIIRS sensor, from 2012–present, tracked against new population estimates based on computer vision techniques identifying all human-built settlement structures.', 'jin.igarashi@undp.org', 'jin.igarashi@undp.org', 3);
INSERT INTO geohub.dataset VALUES ('2a0f67d579e404b0447040b55c2297e0', 'https://undpgeohub.blob.core.windows.net/hrea/Electricity_access_estimate_2020_1km.tif', true, 'Creative Commons BY 4.0', '0103000020E6100000010000000500000071DFCC493A5A5DC0F0B9BA9E33C54BC07475E3A4C8856540F0B9BA9E33C54BC07475E3A4C885654021406DE6B2134A4071DFCC493A5A5DC021406DE6B2134A4071DFCC493A5A5DC0F0B9BA9E33C54BC0', '2024-07-16 09:15:35.322+00', '2024-07-16 09:15:35.322+00', 'Electricity Access Estimate 2020 1km', 'Predicted likelihood that a settlement is electrified (0 to 1). The High Resolution Electricity Access (HREA) project leverages high resolution satellite data to generate estimates of electrification access at a higher spatial resolution than ever before. The estimates are derived from the first long-scale analysis of the complete archive of nighttime light imagery from the VIIRS sensor, from 2012–present, tracked against new population estimates based on computer vision techniques identifying all human-built settlement structures.', 'jin.igarashi@undp.org', 'jin.igarashi@undp.org', 3);


-- INSERT INTO tag table
INSERT INTO geohub.tag_dashboard VALUES (13252, '2027', 'year');
INSERT INTO geohub.tag_dashboard VALUES (13250, '2024', 'year');
INSERT INTO geohub.tag_dashboard VALUES (10469, '2022', 'year');
INSERT INTO geohub.tag_dashboard VALUES (13, '1km', 'resolution');
INSERT INTO geohub.tag_dashboard VALUES (13234, 'unitless(0-1)', 'unit');
INSERT INTO geohub.tag_dashboard VALUES (3511, 'United Nations Development Programme (UNDP)', 'provider');
INSERT INTO geohub.tag_dashboard VALUES (10448, '2016', 'year');
INSERT INTO geohub.tag_dashboard VALUES (10445, '2013', 'year');
INSERT INTO geohub.tag_dashboard VALUES (3435, 'azure', 'type');
INSERT INTO geohub.tag_dashboard VALUES (10452, '2021', 'year');
INSERT INTO geohub.tag_dashboard VALUES (10461, '2030', 'year');
INSERT INTO geohub.tag_dashboard VALUES (13215, '2023', 'year');
INSERT INTO geohub.tag_dashboard VALUES (13253, '2028', 'year');
INSERT INTO geohub.tag_dashboard VALUES (13254, '2029', 'year');
INSERT INTO geohub.tag_dashboard VALUES (3487, 'University of Michigan', 'provider');
INSERT INTO geohub.tag_dashboard VALUES (10450, '2018', 'year');
INSERT INTO geohub.tag_dashboard VALUES (1771, '7', 'sdg_goal');
INSERT INTO geohub.tag_dashboard VALUES (10449, '2017', 'year');
INSERT INTO geohub.tag_dashboard VALUES (10432, '2020', 'year');
INSERT INTO geohub.tag_dashboard VALUES (10444, '2012', 'year');
INSERT INTO geohub.tag_dashboard VALUES (10453, '2025', 'year');
INSERT INTO geohub.tag_dashboard VALUES (10451, '2019', 'year');
INSERT INTO geohub.tag_dashboard VALUES (10447, '2015', 'year');
INSERT INTO geohub.tag_dashboard VALUES (22, 'Global', 'extent');
INSERT INTO geohub.tag_dashboard VALUES (3509, 'Center for Political Studies', 'provider');
INSERT INTO geohub.tag_dashboard VALUES (10446, '2014', 'year');
INSERT INTO geohub.tag_dashboard VALUES (13251, '2026', 'year');

-- INSERT INTO dataset_tag table
INSERT INTO geohub.dataset_tag_dashboard VALUES ('add1242d0e4a705d75fd93fe7754e179', 1771);
INSERT INTO geohub.dataset_tag_dashboard VALUES ('add1242d0e4a705d75fd93fe7754e179', 3487);
INSERT INTO geohub.dataset_tag_dashboard VALUES ('add1242d0e4a705d75fd93fe7754e179', 3511);
INSERT INTO geohub.dataset_tag_dashboard VALUES ('add1242d0e4a705d75fd93fe7754e179', 3509);
INSERT INTO geohub.dataset_tag_dashboard VALUES ('add1242d0e4a705d75fd93fe7754e179', 10452);
INSERT INTO geohub.dataset_tag_dashboard VALUES ('add1242d0e4a705d75fd93fe7754e179', 13);
INSERT INTO geohub.dataset_tag_dashboard VALUES ('add1242d0e4a705d75fd93fe7754e179', 13234);
INSERT INTO geohub.dataset_tag_dashboard VALUES ('add1242d0e4a705d75fd93fe7754e179', 3435);
INSERT INTO geohub.dataset_tag_dashboard VALUES ('add1242d0e4a705d75fd93fe7754e179', 22);
INSERT INTO geohub.dataset_tag_dashboard VALUES ('6978ef8b35e07ca5e12e263ec5f24ca6', 1771);
INSERT INTO geohub.dataset_tag_dashboard VALUES ('6978ef8b35e07ca5e12e263ec5f24ca6', 3487);
INSERT INTO geohub.dataset_tag_dashboard VALUES ('6978ef8b35e07ca5e12e263ec5f24ca6', 3511);
INSERT INTO geohub.dataset_tag_dashboard VALUES ('6978ef8b35e07ca5e12e263ec5f24ca6', 3509);
INSERT INTO geohub.dataset_tag_dashboard VALUES ('6978ef8b35e07ca5e12e263ec5f24ca6', 10469);
INSERT INTO geohub.dataset_tag_dashboard VALUES ('6978ef8b35e07ca5e12e263ec5f24ca6', 13);
INSERT INTO geohub.dataset_tag_dashboard VALUES ('6978ef8b35e07ca5e12e263ec5f24ca6', 13234);
INSERT INTO geohub.dataset_tag_dashboard VALUES ('6978ef8b35e07ca5e12e263ec5f24ca6', 3435);
INSERT INTO geohub.dataset_tag_dashboard VALUES ('6978ef8b35e07ca5e12e263ec5f24ca6', 22);
INSERT INTO geohub.dataset_tag_dashboard VALUES ('3504d57c71101d974943410a1403cd1d', 1771);
INSERT INTO geohub.dataset_tag_dashboard VALUES ('3504d57c71101d974943410a1403cd1d', 3487);
INSERT INTO geohub.dataset_tag_dashboard VALUES ('3504d57c71101d974943410a1403cd1d', 3511);
INSERT INTO geohub.dataset_tag_dashboard VALUES ('3504d57c71101d974943410a1403cd1d', 3509);
INSERT INTO geohub.dataset_tag_dashboard VALUES ('3504d57c71101d974943410a1403cd1d', 13215);
INSERT INTO geohub.dataset_tag_dashboard VALUES ('3504d57c71101d974943410a1403cd1d', 13);
INSERT INTO geohub.dataset_tag_dashboard VALUES ('3504d57c71101d974943410a1403cd1d', 13234);
INSERT INTO geohub.dataset_tag_dashboard VALUES ('3504d57c71101d974943410a1403cd1d', 3435);
INSERT INTO geohub.dataset_tag_dashboard VALUES ('3504d57c71101d974943410a1403cd1d', 22);
INSERT INTO geohub.dataset_tag_dashboard VALUES ('23b67271e93a510e1c5fc4075fecfc9c', 1771);
INSERT INTO geohub.dataset_tag_dashboard VALUES ('23b67271e93a510e1c5fc4075fecfc9c', 3487);
INSERT INTO geohub.dataset_tag_dashboard VALUES ('23b67271e93a510e1c5fc4075fecfc9c', 3509);
INSERT INTO geohub.dataset_tag_dashboard VALUES ('23b67271e93a510e1c5fc4075fecfc9c', 3511);
INSERT INTO geohub.dataset_tag_dashboard VALUES ('23b67271e93a510e1c5fc4075fecfc9c', 13250);
INSERT INTO geohub.dataset_tag_dashboard VALUES ('23b67271e93a510e1c5fc4075fecfc9c', 13);
INSERT INTO geohub.dataset_tag_dashboard VALUES ('23b67271e93a510e1c5fc4075fecfc9c', 13234);
INSERT INTO geohub.dataset_tag_dashboard VALUES ('23b67271e93a510e1c5fc4075fecfc9c', 22);
INSERT INTO geohub.dataset_tag_dashboard VALUES ('23b67271e93a510e1c5fc4075fecfc9c', 3435);
INSERT INTO geohub.dataset_tag_dashboard VALUES ('d5252ef98bfc95ffb6b5152a5783fa70', 1771);
INSERT INTO geohub.dataset_tag_dashboard VALUES ('d5252ef98bfc95ffb6b5152a5783fa70', 3487);
INSERT INTO geohub.dataset_tag_dashboard VALUES ('d5252ef98bfc95ffb6b5152a5783fa70', 3509);
INSERT INTO geohub.dataset_tag_dashboard VALUES ('d5252ef98bfc95ffb6b5152a5783fa70', 3511);
INSERT INTO geohub.dataset_tag_dashboard VALUES ('d5252ef98bfc95ffb6b5152a5783fa70', 10453);
INSERT INTO geohub.dataset_tag_dashboard VALUES ('d5252ef98bfc95ffb6b5152a5783fa70', 13);
INSERT INTO geohub.dataset_tag_dashboard VALUES ('d5252ef98bfc95ffb6b5152a5783fa70', 13234);
INSERT INTO geohub.dataset_tag_dashboard VALUES ('d5252ef98bfc95ffb6b5152a5783fa70', 22);
INSERT INTO geohub.dataset_tag_dashboard VALUES ('d5252ef98bfc95ffb6b5152a5783fa70', 3435);
INSERT INTO geohub.dataset_tag_dashboard VALUES ('3f70e55304345faad0aacd2334ece862', 1771);
INSERT INTO geohub.dataset_tag_dashboard VALUES ('3f70e55304345faad0aacd2334ece862', 3487);
INSERT INTO geohub.dataset_tag_dashboard VALUES ('3f70e55304345faad0aacd2334ece862', 3511);
INSERT INTO geohub.dataset_tag_dashboard VALUES ('3f70e55304345faad0aacd2334ece862', 3509);
INSERT INTO geohub.dataset_tag_dashboard VALUES ('3f70e55304345faad0aacd2334ece862', 13251);
INSERT INTO geohub.dataset_tag_dashboard VALUES ('3f70e55304345faad0aacd2334ece862', 13);
INSERT INTO geohub.dataset_tag_dashboard VALUES ('3f70e55304345faad0aacd2334ece862', 13234);
INSERT INTO geohub.dataset_tag_dashboard VALUES ('3f70e55304345faad0aacd2334ece862', 3435);
INSERT INTO geohub.dataset_tag_dashboard VALUES ('3f70e55304345faad0aacd2334ece862', 22);
INSERT INTO geohub.dataset_tag_dashboard VALUES ('6befca9038ea303bfc1319415b51f923', 1771);
INSERT INTO geohub.dataset_tag_dashboard VALUES ('6befca9038ea303bfc1319415b51f923', 3487);
INSERT INTO geohub.dataset_tag_dashboard VALUES ('6befca9038ea303bfc1319415b51f923', 3511);
INSERT INTO geohub.dataset_tag_dashboard VALUES ('6befca9038ea303bfc1319415b51f923', 3509);
INSERT INTO geohub.dataset_tag_dashboard VALUES ('6befca9038ea303bfc1319415b51f923', 13252);
INSERT INTO geohub.dataset_tag_dashboard VALUES ('6befca9038ea303bfc1319415b51f923', 13);
INSERT INTO geohub.dataset_tag_dashboard VALUES ('6befca9038ea303bfc1319415b51f923', 13234);
INSERT INTO geohub.dataset_tag_dashboard VALUES ('6befca9038ea303bfc1319415b51f923', 3435);
INSERT INTO geohub.dataset_tag_dashboard VALUES ('6befca9038ea303bfc1319415b51f923', 22);
INSERT INTO geohub.dataset_tag_dashboard VALUES ('8e3ff7e2b48a07fe39b99c1e8fb7bab7', 1771);
INSERT INTO geohub.dataset_tag_dashboard VALUES ('8e3ff7e2b48a07fe39b99c1e8fb7bab7', 3487);
INSERT INTO geohub.dataset_tag_dashboard VALUES ('8e3ff7e2b48a07fe39b99c1e8fb7bab7', 3511);
INSERT INTO geohub.dataset_tag_dashboard VALUES ('8e3ff7e2b48a07fe39b99c1e8fb7bab7', 3509);
INSERT INTO geohub.dataset_tag_dashboard VALUES ('8e3ff7e2b48a07fe39b99c1e8fb7bab7', 13253);
INSERT INTO geohub.dataset_tag_dashboard VALUES ('8e3ff7e2b48a07fe39b99c1e8fb7bab7', 13);
INSERT INTO geohub.dataset_tag_dashboard VALUES ('8e3ff7e2b48a07fe39b99c1e8fb7bab7', 13234);
INSERT INTO geohub.dataset_tag_dashboard VALUES ('8e3ff7e2b48a07fe39b99c1e8fb7bab7', 3435);
INSERT INTO geohub.dataset_tag_dashboard VALUES ('8e3ff7e2b48a07fe39b99c1e8fb7bab7', 22);
INSERT INTO geohub.dataset_tag_dashboard VALUES ('f91d5b1a279ebed4daae06d2c3e55da9', 1771);
INSERT INTO geohub.dataset_tag_dashboard VALUES ('f91d5b1a279ebed4daae06d2c3e55da9', 3487);
INSERT INTO geohub.dataset_tag_dashboard VALUES ('f91d5b1a279ebed4daae06d2c3e55da9', 3511);
INSERT INTO geohub.dataset_tag_dashboard VALUES ('f91d5b1a279ebed4daae06d2c3e55da9', 3509);
INSERT INTO geohub.dataset_tag_dashboard VALUES ('f91d5b1a279ebed4daae06d2c3e55da9', 13254);
INSERT INTO geohub.dataset_tag_dashboard VALUES ('f91d5b1a279ebed4daae06d2c3e55da9', 13);
INSERT INTO geohub.dataset_tag_dashboard VALUES ('f91d5b1a279ebed4daae06d2c3e55da9', 13234);
INSERT INTO geohub.dataset_tag_dashboard VALUES ('f91d5b1a279ebed4daae06d2c3e55da9', 3435);
INSERT INTO geohub.dataset_tag_dashboard VALUES ('f91d5b1a279ebed4daae06d2c3e55da9', 22);
INSERT INTO geohub.dataset_tag_dashboard VALUES ('848131f9ba188d9a5b102ee4fbe4fed3', 1771);
INSERT INTO geohub.dataset_tag_dashboard VALUES ('848131f9ba188d9a5b102ee4fbe4fed3', 3487);
INSERT INTO geohub.dataset_tag_dashboard VALUES ('848131f9ba188d9a5b102ee4fbe4fed3', 3511);
INSERT INTO geohub.dataset_tag_dashboard VALUES ('848131f9ba188d9a5b102ee4fbe4fed3', 3509);
INSERT INTO geohub.dataset_tag_dashboard VALUES ('848131f9ba188d9a5b102ee4fbe4fed3', 10461);
INSERT INTO geohub.dataset_tag_dashboard VALUES ('848131f9ba188d9a5b102ee4fbe4fed3', 13);
INSERT INTO geohub.dataset_tag_dashboard VALUES ('848131f9ba188d9a5b102ee4fbe4fed3', 13234);
INSERT INTO geohub.dataset_tag_dashboard VALUES ('848131f9ba188d9a5b102ee4fbe4fed3', 3435);
INSERT INTO geohub.dataset_tag_dashboard VALUES ('848131f9ba188d9a5b102ee4fbe4fed3', 22);
INSERT INTO geohub.dataset_tag_dashboard VALUES ('2d4a3091ff7a97e6ebea5c86267ae37d', 1771);
INSERT INTO geohub.dataset_tag_dashboard VALUES ('2d4a3091ff7a97e6ebea5c86267ae37d', 3487);
INSERT INTO geohub.dataset_tag_dashboard VALUES ('2d4a3091ff7a97e6ebea5c86267ae37d', 3511);
INSERT INTO geohub.dataset_tag_dashboard VALUES ('2d4a3091ff7a97e6ebea5c86267ae37d', 3509);
INSERT INTO geohub.dataset_tag_dashboard VALUES ('2d4a3091ff7a97e6ebea5c86267ae37d', 10444);
INSERT INTO geohub.dataset_tag_dashboard VALUES ('2d4a3091ff7a97e6ebea5c86267ae37d', 13);
INSERT INTO geohub.dataset_tag_dashboard VALUES ('2d4a3091ff7a97e6ebea5c86267ae37d', 13234);
INSERT INTO geohub.dataset_tag_dashboard VALUES ('2d4a3091ff7a97e6ebea5c86267ae37d', 3435);
INSERT INTO geohub.dataset_tag_dashboard VALUES ('2d4a3091ff7a97e6ebea5c86267ae37d', 22);
INSERT INTO geohub.dataset_tag_dashboard VALUES ('3f738c54bedbc52a08735bc4efa63d20', 1771);
INSERT INTO geohub.dataset_tag_dashboard VALUES ('3f738c54bedbc52a08735bc4efa63d20', 3487);
INSERT INTO geohub.dataset_tag_dashboard VALUES ('3f738c54bedbc52a08735bc4efa63d20', 3511);
INSERT INTO geohub.dataset_tag_dashboard VALUES ('3f738c54bedbc52a08735bc4efa63d20', 3509);
INSERT INTO geohub.dataset_tag_dashboard VALUES ('3f738c54bedbc52a08735bc4efa63d20', 10445);
INSERT INTO geohub.dataset_tag_dashboard VALUES ('3f738c54bedbc52a08735bc4efa63d20', 13);
INSERT INTO geohub.dataset_tag_dashboard VALUES ('3f738c54bedbc52a08735bc4efa63d20', 13234);
INSERT INTO geohub.dataset_tag_dashboard VALUES ('3f738c54bedbc52a08735bc4efa63d20', 3435);
INSERT INTO geohub.dataset_tag_dashboard VALUES ('3f738c54bedbc52a08735bc4efa63d20', 22);
INSERT INTO geohub.dataset_tag_dashboard VALUES ('e20bcc8ef2024d811fb4cf3e69c3ae37', 1771);
INSERT INTO geohub.dataset_tag_dashboard VALUES ('e20bcc8ef2024d811fb4cf3e69c3ae37', 3487);
INSERT INTO geohub.dataset_tag_dashboard VALUES ('e20bcc8ef2024d811fb4cf3e69c3ae37', 3511);
INSERT INTO geohub.dataset_tag_dashboard VALUES ('e20bcc8ef2024d811fb4cf3e69c3ae37', 3509);
INSERT INTO geohub.dataset_tag_dashboard VALUES ('e20bcc8ef2024d811fb4cf3e69c3ae37', 10446);
INSERT INTO geohub.dataset_tag_dashboard VALUES ('e20bcc8ef2024d811fb4cf3e69c3ae37', 13);
INSERT INTO geohub.dataset_tag_dashboard VALUES ('e20bcc8ef2024d811fb4cf3e69c3ae37', 13234);
INSERT INTO geohub.dataset_tag_dashboard VALUES ('e20bcc8ef2024d811fb4cf3e69c3ae37', 3435);
INSERT INTO geohub.dataset_tag_dashboard VALUES ('e20bcc8ef2024d811fb4cf3e69c3ae37', 22);
INSERT INTO geohub.dataset_tag_dashboard VALUES ('60566fcdfe72a3bd74eebf9af0a0e078', 1771);
INSERT INTO geohub.dataset_tag_dashboard VALUES ('60566fcdfe72a3bd74eebf9af0a0e078', 3487);
INSERT INTO geohub.dataset_tag_dashboard VALUES ('60566fcdfe72a3bd74eebf9af0a0e078', 3511);
INSERT INTO geohub.dataset_tag_dashboard VALUES ('60566fcdfe72a3bd74eebf9af0a0e078', 3509);
INSERT INTO geohub.dataset_tag_dashboard VALUES ('60566fcdfe72a3bd74eebf9af0a0e078', 10447);
INSERT INTO geohub.dataset_tag_dashboard VALUES ('60566fcdfe72a3bd74eebf9af0a0e078', 13);
INSERT INTO geohub.dataset_tag_dashboard VALUES ('60566fcdfe72a3bd74eebf9af0a0e078', 13234);
INSERT INTO geohub.dataset_tag_dashboard VALUES ('60566fcdfe72a3bd74eebf9af0a0e078', 3435);
INSERT INTO geohub.dataset_tag_dashboard VALUES ('60566fcdfe72a3bd74eebf9af0a0e078', 22);
INSERT INTO geohub.dataset_tag_dashboard VALUES ('0c99b27a7ac2fdee636f17f2a8aa8854', 1771);
INSERT INTO geohub.dataset_tag_dashboard VALUES ('0c99b27a7ac2fdee636f17f2a8aa8854', 3487);
INSERT INTO geohub.dataset_tag_dashboard VALUES ('0c99b27a7ac2fdee636f17f2a8aa8854', 3511);
INSERT INTO geohub.dataset_tag_dashboard VALUES ('0c99b27a7ac2fdee636f17f2a8aa8854', 3509);
INSERT INTO geohub.dataset_tag_dashboard VALUES ('0c99b27a7ac2fdee636f17f2a8aa8854', 10448);
INSERT INTO geohub.dataset_tag_dashboard VALUES ('0c99b27a7ac2fdee636f17f2a8aa8854', 13);
INSERT INTO geohub.dataset_tag_dashboard VALUES ('0c99b27a7ac2fdee636f17f2a8aa8854', 13234);
INSERT INTO geohub.dataset_tag_dashboard VALUES ('0c99b27a7ac2fdee636f17f2a8aa8854', 3435);
INSERT INTO geohub.dataset_tag_dashboard VALUES ('0c99b27a7ac2fdee636f17f2a8aa8854', 22);
INSERT INTO geohub.dataset_tag_dashboard VALUES ('e7e87d4aea658252239e5f0814e43dc0', 1771);
INSERT INTO geohub.dataset_tag_dashboard VALUES ('e7e87d4aea658252239e5f0814e43dc0', 3487);
INSERT INTO geohub.dataset_tag_dashboard VALUES ('e7e87d4aea658252239e5f0814e43dc0', 3511);
INSERT INTO geohub.dataset_tag_dashboard VALUES ('e7e87d4aea658252239e5f0814e43dc0', 3509);
INSERT INTO geohub.dataset_tag_dashboard VALUES ('e7e87d4aea658252239e5f0814e43dc0', 10449);
INSERT INTO geohub.dataset_tag_dashboard VALUES ('e7e87d4aea658252239e5f0814e43dc0', 13);
INSERT INTO geohub.dataset_tag_dashboard VALUES ('e7e87d4aea658252239e5f0814e43dc0', 13234);
INSERT INTO geohub.dataset_tag_dashboard VALUES ('e7e87d4aea658252239e5f0814e43dc0', 3435);
INSERT INTO geohub.dataset_tag_dashboard VALUES ('e7e87d4aea658252239e5f0814e43dc0', 22);
INSERT INTO geohub.dataset_tag_dashboard VALUES ('58b0cedfafab6157c851dd650607cc71', 1771);
INSERT INTO geohub.dataset_tag_dashboard VALUES ('58b0cedfafab6157c851dd650607cc71', 3487);
INSERT INTO geohub.dataset_tag_dashboard VALUES ('58b0cedfafab6157c851dd650607cc71', 3511);
INSERT INTO geohub.dataset_tag_dashboard VALUES ('58b0cedfafab6157c851dd650607cc71', 3509);
INSERT INTO geohub.dataset_tag_dashboard VALUES ('58b0cedfafab6157c851dd650607cc71', 10450);
INSERT INTO geohub.dataset_tag_dashboard VALUES ('58b0cedfafab6157c851dd650607cc71', 13);
INSERT INTO geohub.dataset_tag_dashboard VALUES ('58b0cedfafab6157c851dd650607cc71', 13234);
INSERT INTO geohub.dataset_tag_dashboard VALUES ('58b0cedfafab6157c851dd650607cc71', 3435);
INSERT INTO geohub.dataset_tag_dashboard VALUES ('58b0cedfafab6157c851dd650607cc71', 22);
INSERT INTO geohub.dataset_tag_dashboard VALUES ('3493ef92a9609f435cd56414dd1d2db0', 1771);
INSERT INTO geohub.dataset_tag_dashboard VALUES ('3493ef92a9609f435cd56414dd1d2db0', 3487);
INSERT INTO geohub.dataset_tag_dashboard VALUES ('3493ef92a9609f435cd56414dd1d2db0', 3511);
INSERT INTO geohub.dataset_tag_dashboard VALUES ('3493ef92a9609f435cd56414dd1d2db0', 3509);
INSERT INTO geohub.dataset_tag_dashboard VALUES ('3493ef92a9609f435cd56414dd1d2db0', 10451);
INSERT INTO geohub.dataset_tag_dashboard VALUES ('3493ef92a9609f435cd56414dd1d2db0', 13);
INSERT INTO geohub.dataset_tag_dashboard VALUES ('3493ef92a9609f435cd56414dd1d2db0', 13234);
INSERT INTO geohub.dataset_tag_dashboard VALUES ('3493ef92a9609f435cd56414dd1d2db0', 3435);
INSERT INTO geohub.dataset_tag_dashboard VALUES ('3493ef92a9609f435cd56414dd1d2db0', 22);
INSERT INTO geohub.dataset_tag_dashboard VALUES ('2a0f67d579e404b0447040b55c2297e0', 1771);
INSERT INTO geohub.dataset_tag_dashboard VALUES ('2a0f67d579e404b0447040b55c2297e0', 3487);
INSERT INTO geohub.dataset_tag_dashboard VALUES ('2a0f67d579e404b0447040b55c2297e0', 3511);
INSERT INTO geohub.dataset_tag_dashboard VALUES ('2a0f67d579e404b0447040b55c2297e0', 3509);
INSERT INTO geohub.dataset_tag_dashboard VALUES ('2a0f67d579e404b0447040b55c2297e0', 10432);
INSERT INTO geohub.dataset_tag_dashboard VALUES ('2a0f67d579e404b0447040b55c2297e0', 13);
INSERT INTO geohub.dataset_tag_dashboard VALUES ('2a0f67d579e404b0447040b55c2297e0', 13234);
INSERT INTO geohub.dataset_tag_dashboard VALUES ('2a0f67d579e404b0447040b55c2297e0', 3435);
INSERT INTO geohub.dataset_tag_dashboard VALUES ('2a0f67d579e404b0447040b55c2297e0', 22);
