-- INSERT INTO datasets table
INSERT INTO geohub.dataset (id, url, is_raster, license, bounds, createdat, updatedat, name, description, created_user, updated_user, access_level) VALUES ('c41c45f0cd161ba9cbc9a509b69c5802', 'https://undpngddlsgeohubdev01.blob.core.windows.net/electricity/Hyperlocal_Electricity_Access_Data/Electricity_access_estimate_2012.tif', true, 'Creative Commons BY 4.0', '0103000020E610000001000000050000000A9BC7827E5A5DC00AF1ED024AC54BC0C43AFFBD7E8565400AF1ED024AC54BC0C43AFFBD7E856540919C0AC0584E43400A9BC7827E5A5DC0919C0AC0584E43400A9BC7827E5A5DC00AF1ED024AC54BC0', '2022-08-26 21:40:20+00', '2023-04-27 16:50:25.325+00', 'Electricity access estimate 2012', 'Predicted likelihood that a settlement is electrified (0 to 1)', 'geohub-cli', 'samara.polwatta@undp.org', 3);
INSERT INTO geohub.dataset (id, url, is_raster, license, bounds, createdat, updatedat, name, description, created_user, updated_user, access_level) VALUES ('9425d222908f3d41ea4e8c6546d4e6d8', 'https://undpngddlsgeohubdev01.blob.core.windows.net/electricity/Hyperlocal_Electricity_Access_Data/Electricity_access_estimate_2017.tif', true, 'Creative Commons BY 4.0', '0103000020E610000001000000050000000A9BC7827E5A5DC05706F15B56C54BC0AEF823987C8565405706F15B56C54BC0AEF823987C856540C7BC0A00C0134A400A9BC7827E5A5DC0C7BC0A00C0134A400A9BC7827E5A5DC05706F15B56C54BC0', '2022-08-26 21:40:14+00', '2023-04-27 16:50:35.228+00', 'Electricity access estimate 2017', 'Predicted likelihood that a settlement is electrified (0 to 1)', 'geohub-cli', 'samara.polwatta@undp.org', 3);
INSERT INTO geohub.dataset (id, url, is_raster, license, bounds, createdat, updatedat, name, description, created_user, updated_user, access_level) VALUES ('9d4bd144db4f3d2890bf48db129ff720', 'https://undpngddlsgeohubdev01.blob.core.windows.net/hrea/Machine_Learning_Electricity_Estimate/Electricity_access_2012.tif', true, 'Creative Commons BY 4.0', '0103000020E61000000100000005000000FBA6FADF9B975DC0EEF306029E874BC0361BCBBE52856540EEF306029E874BC0361BCBBE52856540C0D600005B4E4340FBA6FADF9B975DC0C0D600005B4E4340FBA6FADF9B975DC0EEF306029E874BC0', '2023-03-01 15:43:53.078+00', '2023-03-01 18:13:13.338+00', 'Machine Learning Electricity Access 2012', 'Machine learning estimation of electricity access leveraging high resolution satellite data to generate estimates of electrification, energy use, and power supply reliability down to the settlement on scale of 0 - 255, where 255 is 100% access.', 'jin.igarashi@undp.org', 'jin.igarashi@undp.org', 3);
INSERT INTO geohub.dataset (id, url, is_raster, license, bounds, createdat, updatedat, name, description, created_user, updated_user, access_level) VALUES ('8100a7adad772819f2a387f5b016a709', 'https://undpngddlsgeohubdev01.blob.core.windows.net/hrea/Machine_Learning_Electricity_Estimate/Electricity_access_2013.tif', true, 'Creative Commons BY 4.0', '0103000020E61000000100000005000000FBA6FADF9B975DC0EEF306029E874BC0361BCBBE52856540EEF306029E874BC0361BCBBE52856540C0D600005B4E4340FBA6FADF9B975DC0C0D600005B4E4340FBA6FADF9B975DC0EEF306029E874BC0', '2023-03-01 15:46:14.192+00', '2023-03-01 18:13:30.481+00', 'Machine Learning Electricity Access 2013', 'Machine learning estimation of electricity access leveraging high resolution satellite data to generate estimates of electrification, energy use, and power supply reliability down to the settlement on scale of 0 - 255, where 255 is 100% access.', 'jin.igarashi@undp.org', 'jin.igarashi@undp.org', 3);
INSERT INTO geohub.dataset (id, url, is_raster, license, bounds, createdat, updatedat, name, description, created_user, updated_user, access_level) VALUES ('b24fc4a17fd10bc06bee75154d4897c9', 'https://undpngddlsgeohubdev01.blob.core.windows.net/hrea/Machine_Learning_Electricity_Estimate/Electricity_access_2014.tif', true, 'Creative Commons BY 4.0', '0103000020E61000000100000005000000FBA6FADF9B975DC0FB773BCA1A884BC09C2E5B5057856540FB773BCA1A884BC09C2E5B5057856540C7BC0A00C0134A40FBA6FADF9B975DC0C7BC0A00C0134A40FBA6FADF9B975DC0FB773BCA1A884BC0', '2023-03-01 15:47:54.866+00', '2023-03-01 18:13:46.051+00', 'Machine Learning Electricity Access 2014', 'Machine learning estimation of electricity access leveraging high resolution satellite data to generate estimates of electrification, energy use, and power supply reliability down to the settlement on scale of 0 - 255, where 255 is 100% access.', 'jin.igarashi@undp.org', 'jin.igarashi@undp.org', 3);
INSERT INTO geohub.dataset (id, url, is_raster, license, bounds, createdat, updatedat, name, description, created_user, updated_user, access_level) VALUES ('86137558ee6b7db4ec7f72e4df1e7f70', 'https://undpngddlsgeohubdev01.blob.core.windows.net/hrea/Machine_Learning_Electricity_Estimate/Electricity_access_2015.tif', true, 'Creative Commons BY 4.0', '0103000020E61000000100000005000000FBA6FADF9B975DC0FB773BCA1A884BC09C2E5B5057856540FB773BCA1A884BC09C2E5B5057856540C7BC0A00C0134A40FBA6FADF9B975DC0C7BC0A00C0134A40FBA6FADF9B975DC0FB773BCA1A884BC0', '2023-03-01 15:48:54.377+00', '2023-03-01 18:13:59.339+00', 'Machine Learning Electricity Access 2015', 'Machine learning estimation of electricity access leveraging high resolution satellite data to generate estimates of electrification, energy use, and power supply reliability down to the settlement on scale of 0 - 255, where 255 is 100% access.', 'jin.igarashi@undp.org', 'jin.igarashi@undp.org', 3);
INSERT INTO geohub.dataset (id, url, is_raster, license, bounds, createdat, updatedat, name, description, created_user, updated_user, access_level) VALUES ('7d950149e3b3a517257c60611a63f4d8', 'https://undpngddlsgeohubdev01.blob.core.windows.net/hrea/Machine_Learning_Electricity_Estimate/Electricity_access_2016.tif', true, 'Creative Commons BY 4.0', '0103000020E61000000100000005000000FBA6FADF9B975DC0FB773BCA1A884BC09C2E5B5057856540FB773BCA1A884BC09C2E5B5057856540C7BC0A00C0134A40FBA6FADF9B975DC0C7BC0A00C0134A40FBA6FADF9B975DC0FB773BCA1A884BC0', '2023-03-01 15:49:43.092+00', '2023-03-01 18:14:12.36+00', 'Machine Learning Electricity Access 2016', 'Machine learning estimation of electricity access leveraging high resolution satellite data to generate estimates of electrification, energy use, and power supply reliability down to the settlement on scale of 0 - 255, where 255 is 100% access.', 'jin.igarashi@undp.org', 'jin.igarashi@undp.org', 3);
INSERT INTO geohub.dataset (id, url, is_raster, license, bounds, createdat, updatedat, name, description, created_user, updated_user, access_level) VALUES ('a700def82cccc15b97d3b62cc959a613', 'https://undpngddlsgeohubdev01.blob.core.windows.net/hrea/Machine_Learning_Electricity_Estimate/Electricity_access_2017.tif', true, 'Creative Commons BY 4.0', '0103000020E61000000100000005000000FBA6FADF9B975DC0FB773BCA1A884BC09C2E5B5057856540FB773BCA1A884BC09C2E5B5057856540C7BC0A00C0134A40FBA6FADF9B975DC0C7BC0A00C0134A40FBA6FADF9B975DC0FB773BCA1A884BC0', '2023-03-01 15:50:29.523+00', '2023-03-01 18:14:28.305+00', 'Machine Learning Electricity Access 2017', 'Machine learning estimation of electricity access leveraging high resolution satellite data to generate estimates of electrification, energy use, and power supply reliability down to the settlement on scale of 0 - 255, where 255 is 100% access.', 'jin.igarashi@undp.org', 'jin.igarashi@undp.org', 3);
INSERT INTO geohub.dataset (id, url, is_raster, license, bounds, createdat, updatedat, name, description, created_user, updated_user, access_level) VALUES ('d338350b5f3536164fb3d1b71e6a85b5', 'https://undpngddlsgeohubdev01.blob.core.windows.net/hrea/Machine_Learning_Electricity_Estimate/Electricity_access_2018.tif', true, 'Creative Commons BY 4.0', '0103000020E61000000100000005000000FBA6FADF9B975DC0FB773BCA1A884BC09C2E5B5057856540FB773BCA1A884BC09C2E5B5057856540C7BC0A00C0134A40FBA6FADF9B975DC0C7BC0A00C0134A40FBA6FADF9B975DC0FB773BCA1A884BC0', '2023-03-01 15:51:12.864+00', '2023-03-01 18:14:42.825+00', 'Machine Learning Electricity Access 2018', 'Machine learning estimation of electricity access leveraging high resolution satellite data to generate estimates of electrification, energy use, and power supply reliability down to the settlement on scale of 0 - 255, where 255 is 100% access.', 'jin.igarashi@undp.org', 'jin.igarashi@undp.org', 3);
INSERT INTO geohub.dataset (id, url, is_raster, license, bounds, createdat, updatedat, name, description, created_user, updated_user, access_level) VALUES ('988298148c424913ddd74ce0828cb563', 'https://undpngddlsgeohubdev01.blob.core.windows.net/hrea/Machine_Learning_Electricity_Estimate/Electricity_access_2019.tif', true, 'Creative Commons BY 4.0', '0103000020E61000000100000005000000FBA6FADF9B975DC0FB773BCA1A884BC09C2E5B5057856540FB773BCA1A884BC09C2E5B5057856540C7BC0A00C0134A40FBA6FADF9B975DC0C7BC0A00C0134A40FBA6FADF9B975DC0FB773BCA1A884BC0', '2023-03-01 15:51:59.082+00', '2023-03-01 18:14:57.604+00', 'Machine Learning Electricity Access 2019', 'Machine learning estimation of electricity access leveraging high resolution satellite data to generate estimates of electrification, energy use, and power supply reliability down to the settlement on scale of 0 - 255, where 255 is 100% access.', 'jin.igarashi@undp.org', 'jin.igarashi@undp.org', 3);
INSERT INTO geohub.dataset (id, url, is_raster, license, bounds, createdat, updatedat, name, description, created_user, updated_user, access_level) VALUES ('2294a356bcc4888f3d17ad1446bf8271', 'https://undpngddlsgeohubdev01.blob.core.windows.net/electricity/Hyperlocal_Electricity_Access_Data/Electricity_access_estimate_2015.tif', true, 'Creative Commons BY 4.0', '0103000020E610000001000000050000000A9BC7827E5A5DC091C935474EC54BC0D2F3FF8E7E85654091C935474EC54BC0D2F3FF8E7E856540C7BC0A00C0134A400A9BC7827E5A5DC0C7BC0A00C0134A400A9BC7827E5A5DC091C935474EC54BC0', '2022-08-26 21:40:09+00', '2023-04-27 16:50:52.272+00', 'Electricity access estimate 2015', 'Predicted likelihood that a settlement is electrified (0 to 1)', 'geohub-cli', 'samara.polwatta@undp.org', 3);
INSERT INTO geohub.dataset (id, url, is_raster, license, bounds, createdat, updatedat, name, description, created_user, updated_user, access_level) VALUES ('b5c13eafae9512877b36e3c538512829', 'https://undpngddlsgeohubdev01.blob.core.windows.net/electricity/Hyperlocal_Electricity_Access_Data/Electricity_access_estimate_2016.tif', true, 'Creative Commons BY 4.0', '0103000020E610000001000000050000000A9BC7827E5A5DC05706F15B56C54BC0AEF823987C8565405706F15B56C54BC0AEF823987C856540C7BC0A00C0134A400A9BC7827E5A5DC0C7BC0A00C0134A400A9BC7827E5A5DC05706F15B56C54BC0', '2022-08-26 21:40:03+00', '2023-04-27 16:51:05.879+00', 'Electricity access estimate 2016', 'Predicted likelihood that a settlement is electrified (0 to 1)', 'geohub-cli', 'samara.polwatta@undp.org', 3);
INSERT INTO geohub.dataset (id, url, is_raster, license, bounds, createdat, updatedat, name, description, created_user, updated_user, access_level) VALUES ('fc14b802052964da92279dac72d3c882', 'https://undpngddlsgeohubdev01.blob.core.windows.net/electricity/Hyperlocal_Electricity_Access_Data/Electricity_access_estimate_2013.tif', true, 'Creative Commons BY 4.0', '0103000020E610000001000000050000000A9BC7827E5A5DC00AF1ED024AC54BC0C43AFFBD7E8565400AF1ED024AC54BC0C43AFFBD7E856540919C0AC0584E43400A9BC7827E5A5DC0919C0AC0584E43400A9BC7827E5A5DC00AF1ED024AC54BC0', '2022-08-26 21:39:55+00', '2023-04-27 16:51:17.055+00', 'Electricity access estimate 2013', 'Predicted likelihood that a settlement is electrified (0 to 1)', 'geohub-cli', 'samara.polwatta@undp.org', 3);
INSERT INTO geohub.dataset (id, url, is_raster, license, bounds, createdat, updatedat, name, description, created_user, updated_user, access_level) VALUES ('a9eb4d7d312043c0401763e908f5d413', 'https://undpngddlsgeohubdev01.blob.core.windows.net/electricity/Hyperlocal_Electricity_Access_Data/Electricity_access_estimate_2018.tif', true, 'Creative Commons BY 4.0', '0103000020E610000001000000050000000A9BC7827E5A5DC091C935474EC54BC0D2F3FF8E7E85654091C935474EC54BC0D2F3FF8E7E856540C7BC0A00C0134A400A9BC7827E5A5DC0C7BC0A00C0134A400A9BC7827E5A5DC091C935474EC54BC0', '2022-08-26 21:39:52+00', '2023-04-27 16:51:27.434+00', 'Electricity access estimate 2018', 'Predicted likelihood that a settlement is electrified (0 to 1)', 'geohub-cli', 'samara.polwatta@undp.org', 3);
INSERT INTO geohub.dataset (id, url, is_raster, license, bounds, createdat, updatedat, name, description, created_user, updated_user, access_level) VALUES ('f47903f864bc064d8e12e2ece591c238', 'https://undpngddlsgeohubdev01.blob.core.windows.net/electricity/Hyperlocal_Electricity_Access_Data/Electricity_access_estimate_2019.tif', true, 'Creative Commons BY 4.0', '0103000020E610000001000000050000000A9BC7827E5A5DC02983E70153C54BC0C42CCD107B8565402983E70153C54BC0C42CCD107B856540C7BC0A00C0134A400A9BC7827E5A5DC0C7BC0A00C0134A400A9BC7827E5A5DC02983E70153C54BC0', '2022-08-26 21:39:47+00', '2023-04-27 16:51:46.639+00', 'Electricity access estimate 2019', 'Predicted likelihood that a settlement is electrified (0 to 1)', 'geohub-cli', 'samara.polwatta@undp.org', 3);
INSERT INTO geohub.dataset (id, url, is_raster, license, bounds, createdat, updatedat, name, description, created_user, updated_user, access_level) VALUES ('724417aac902cc839818fcca21548b2e', 'https://undpngddlsgeohubdev01.blob.core.windows.net/electricity/Hyperlocal_Electricity_Access_Data/Electricity_access_estimate_2020.tif', true, 'Creative Commons BY 4.0', '0103000020E610000001000000050000000A9BC7827E5A5DC08ED58D474EC54BC0B012598F7E8565408ED58D474EC54BC0B012598F7E856540C7BC0A00C0134A400A9BC7827E5A5DC0C7BC0A00C0134A400A9BC7827E5A5DC08ED58D474EC54BC0', '2022-08-26 21:39:41+00', '2023-04-27 16:51:59.427+00', 'Electricity access estimate 2020', 'Predicted likelihood that a settlement is electrified (0 to 1)', 'geohub-cli', 'samara.polwatta@undp.org', 3);
INSERT INTO geohub.dataset (id, url, is_raster, license, bounds, createdat, updatedat, name, description, created_user, updated_user, access_level) VALUES ('3ebea4abe8cea3ead91a1bd530d1ece4', 'https://undpngddlsgeohubdev01.blob.core.windows.net/electricity/Hyperlocal_Electricity_Access_Data/Electricity_access_estimate_2014.tif', true, 'Creative Commons BY 4.0', '0103000020E610000001000000050000000A9BC7827E5A5DC05706F15B56C54BC0AEF823987C8565405706F15B56C54BC0AEF823987C856540C7BC0A00C0134A400A9BC7827E5A5DC0C7BC0A00C0134A400A9BC7827E5A5DC05706F15B56C54BC0', '2022-08-26 21:39:40+00', '2023-04-27 16:52:12.171+00', 'Electricity access estimate 2014', 'Predicted likelihood that a settlement is electrified (0 to 1)', 'geohub-cli', 'samara.polwatta@undp.org', 3);

-- INSERT INTO tag table
INSERT INTO geohub.tag (id, value, key) VALUES (3487, 'University of Michigan', 'provider');
INSERT INTO geohub.tag (id, value, key) VALUES (1933, 'Electricity Access', 'theme');
INSERT INTO geohub.tag (id, value, key) VALUES (22, 'Global', 'extent');
INSERT INTO geohub.tag (id, value, key) VALUES (3435, 'azure', 'type');
INSERT INTO geohub.tag (id, value, key) VALUES (10447, '2015', 'year');
INSERT INTO geohub.tag (id, value, key) VALUES (3503, 'UNDP and Center for Political Studies', 'provider');
INSERT INTO geohub.tag (id, value, key) VALUES (10449, '2017', 'year');
INSERT INTO geohub.tag (id, value, key) VALUES (10432, '2020', 'year');
INSERT INTO geohub.tag (id, value, key) VALUES (1932, 'Energy', 'sdg_target');
INSERT INTO geohub.tag (id, value, key) VALUES (1771, '7', 'sdg_goal');
INSERT INTO geohub.tag (id, value, key) VALUES (3511, 'United Nations Development Programme (UNDP)', 'provider');
INSERT INTO geohub.tag (id, value, key) VALUES (10446, '2014', 'year');
INSERT INTO geohub.tag (id, value, key) VALUES (10448, '2016', 'year');
INSERT INTO geohub.tag (id, value, key) VALUES (3509, 'Center for Political Studies', 'provider');
INSERT INTO geohub.tag (id, value, key) VALUES (10445, '2013', 'year');
INSERT INTO geohub.tag (id, value, key) VALUES (1936, '500m', 'resolution');
INSERT INTO geohub.tag (id, value, key) VALUES (10260, 'unitless (index)', 'unit');
INSERT INTO geohub.tag (id, value, key) VALUES (10451, '2019', 'year');
INSERT INTO geohub.tag (id, value, key) VALUES (10450, '2018', 'year');
INSERT INTO geohub.tag (id, value, key) VALUES (10444, '2012', 'year');
INSERT INTO geohub.tag (id, value, key) VALUES (10284, 'probability', 'unit');
INSERT INTO geohub.tag (id, value, key) VALUES (1454, 'Hyperlocal', 'granularity');
INSERT INTO geohub.tag (id, value, key) VALUES (3443, 'electricity', 'container');

-- INSERT INTO dataset_tag table
INSERT INTO geohub.dataset_tag (dataset_id, tag_id) VALUES ('2294a356bcc4888f3d17ad1446bf8271', 22);
INSERT INTO geohub.dataset_tag (dataset_id, tag_id) VALUES ('2294a356bcc4888f3d17ad1446bf8271', 1454);
INSERT INTO geohub.dataset_tag (dataset_id, tag_id) VALUES ('2294a356bcc4888f3d17ad1446bf8271', 1771);
INSERT INTO geohub.dataset_tag (dataset_id, tag_id) VALUES ('2294a356bcc4888f3d17ad1446bf8271', 1932);
INSERT INTO geohub.dataset_tag (dataset_id, tag_id) VALUES ('2294a356bcc4888f3d17ad1446bf8271', 1933);
INSERT INTO geohub.dataset_tag (dataset_id, tag_id) VALUES ('2294a356bcc4888f3d17ad1446bf8271', 1936);
INSERT INTO geohub.dataset_tag (dataset_id, tag_id) VALUES ('2294a356bcc4888f3d17ad1446bf8271', 3435);
INSERT INTO geohub.dataset_tag (dataset_id, tag_id) VALUES ('2294a356bcc4888f3d17ad1446bf8271', 3443);
INSERT INTO geohub.dataset_tag (dataset_id, tag_id) VALUES ('2294a356bcc4888f3d17ad1446bf8271', 3487);
INSERT INTO geohub.dataset_tag (dataset_id, tag_id) VALUES ('2294a356bcc4888f3d17ad1446bf8271', 3503);
INSERT INTO geohub.dataset_tag (dataset_id, tag_id) VALUES ('2294a356bcc4888f3d17ad1446bf8271', 10284);
INSERT INTO geohub.dataset_tag (dataset_id, tag_id) VALUES ('2294a356bcc4888f3d17ad1446bf8271', 10447);
INSERT INTO geohub.dataset_tag (dataset_id, tag_id) VALUES ('3ebea4abe8cea3ead91a1bd530d1ece4', 22);
INSERT INTO geohub.dataset_tag (dataset_id, tag_id) VALUES ('3ebea4abe8cea3ead91a1bd530d1ece4', 1454);
INSERT INTO geohub.dataset_tag (dataset_id, tag_id) VALUES ('3ebea4abe8cea3ead91a1bd530d1ece4', 1771);
INSERT INTO geohub.dataset_tag (dataset_id, tag_id) VALUES ('3ebea4abe8cea3ead91a1bd530d1ece4', 1932);
INSERT INTO geohub.dataset_tag (dataset_id, tag_id) VALUES ('3ebea4abe8cea3ead91a1bd530d1ece4', 1933);
INSERT INTO geohub.dataset_tag (dataset_id, tag_id) VALUES ('3ebea4abe8cea3ead91a1bd530d1ece4', 1936);
INSERT INTO geohub.dataset_tag (dataset_id, tag_id) VALUES ('3ebea4abe8cea3ead91a1bd530d1ece4', 3435);
INSERT INTO geohub.dataset_tag (dataset_id, tag_id) VALUES ('3ebea4abe8cea3ead91a1bd530d1ece4', 3443);
INSERT INTO geohub.dataset_tag (dataset_id, tag_id) VALUES ('3ebea4abe8cea3ead91a1bd530d1ece4', 3487);
INSERT INTO geohub.dataset_tag (dataset_id, tag_id) VALUES ('3ebea4abe8cea3ead91a1bd530d1ece4', 3503);
INSERT INTO geohub.dataset_tag (dataset_id, tag_id) VALUES ('3ebea4abe8cea3ead91a1bd530d1ece4', 10284);
INSERT INTO geohub.dataset_tag (dataset_id, tag_id) VALUES ('3ebea4abe8cea3ead91a1bd530d1ece4', 10446);
INSERT INTO geohub.dataset_tag (dataset_id, tag_id) VALUES ('724417aac902cc839818fcca21548b2e', 22);
INSERT INTO geohub.dataset_tag (dataset_id, tag_id) VALUES ('724417aac902cc839818fcca21548b2e', 1454);
INSERT INTO geohub.dataset_tag (dataset_id, tag_id) VALUES ('724417aac902cc839818fcca21548b2e', 1771);
INSERT INTO geohub.dataset_tag (dataset_id, tag_id) VALUES ('724417aac902cc839818fcca21548b2e', 1932);
INSERT INTO geohub.dataset_tag (dataset_id, tag_id) VALUES ('724417aac902cc839818fcca21548b2e', 1933);
INSERT INTO geohub.dataset_tag (dataset_id, tag_id) VALUES ('724417aac902cc839818fcca21548b2e', 1936);
INSERT INTO geohub.dataset_tag (dataset_id, tag_id) VALUES ('724417aac902cc839818fcca21548b2e', 3435);
INSERT INTO geohub.dataset_tag (dataset_id, tag_id) VALUES ('724417aac902cc839818fcca21548b2e', 3443);
INSERT INTO geohub.dataset_tag (dataset_id, tag_id) VALUES ('724417aac902cc839818fcca21548b2e', 3487);
INSERT INTO geohub.dataset_tag (dataset_id, tag_id) VALUES ('724417aac902cc839818fcca21548b2e', 3503);
INSERT INTO geohub.dataset_tag (dataset_id, tag_id) VALUES ('724417aac902cc839818fcca21548b2e', 10284);
INSERT INTO geohub.dataset_tag (dataset_id, tag_id) VALUES ('724417aac902cc839818fcca21548b2e', 10432);
INSERT INTO geohub.dataset_tag (dataset_id, tag_id) VALUES ('7d950149e3b3a517257c60611a63f4d8', 1771);
INSERT INTO geohub.dataset_tag (dataset_id, tag_id) VALUES ('7d950149e3b3a517257c60611a63f4d8', 3435);
INSERT INTO geohub.dataset_tag (dataset_id, tag_id) VALUES ('7d950149e3b3a517257c60611a63f4d8', 3487);
INSERT INTO geohub.dataset_tag (dataset_id, tag_id) VALUES ('7d950149e3b3a517257c60611a63f4d8', 3509);
INSERT INTO geohub.dataset_tag (dataset_id, tag_id) VALUES ('7d950149e3b3a517257c60611a63f4d8', 3511);
INSERT INTO geohub.dataset_tag (dataset_id, tag_id) VALUES ('7d950149e3b3a517257c60611a63f4d8', 10260);
INSERT INTO geohub.dataset_tag (dataset_id, tag_id) VALUES ('8100a7adad772819f2a387f5b016a709', 1771);
INSERT INTO geohub.dataset_tag (dataset_id, tag_id) VALUES ('8100a7adad772819f2a387f5b016a709', 3435);
INSERT INTO geohub.dataset_tag (dataset_id, tag_id) VALUES ('8100a7adad772819f2a387f5b016a709', 3487);
INSERT INTO geohub.dataset_tag (dataset_id, tag_id) VALUES ('8100a7adad772819f2a387f5b016a709', 3509);
INSERT INTO geohub.dataset_tag (dataset_id, tag_id) VALUES ('8100a7adad772819f2a387f5b016a709', 3511);
INSERT INTO geohub.dataset_tag (dataset_id, tag_id) VALUES ('8100a7adad772819f2a387f5b016a709', 10260);
INSERT INTO geohub.dataset_tag (dataset_id, tag_id) VALUES ('86137558ee6b7db4ec7f72e4df1e7f70', 1771);
INSERT INTO geohub.dataset_tag (dataset_id, tag_id) VALUES ('86137558ee6b7db4ec7f72e4df1e7f70', 3435);
INSERT INTO geohub.dataset_tag (dataset_id, tag_id) VALUES ('86137558ee6b7db4ec7f72e4df1e7f70', 3487);
INSERT INTO geohub.dataset_tag (dataset_id, tag_id) VALUES ('86137558ee6b7db4ec7f72e4df1e7f70', 3509);
INSERT INTO geohub.dataset_tag (dataset_id, tag_id) VALUES ('86137558ee6b7db4ec7f72e4df1e7f70', 3511);
INSERT INTO geohub.dataset_tag (dataset_id, tag_id) VALUES ('86137558ee6b7db4ec7f72e4df1e7f70', 10260);
INSERT INTO geohub.dataset_tag (dataset_id, tag_id) VALUES ('9425d222908f3d41ea4e8c6546d4e6d8', 22);
INSERT INTO geohub.dataset_tag (dataset_id, tag_id) VALUES ('9425d222908f3d41ea4e8c6546d4e6d8', 1454);
INSERT INTO geohub.dataset_tag (dataset_id, tag_id) VALUES ('9425d222908f3d41ea4e8c6546d4e6d8', 1771);
INSERT INTO geohub.dataset_tag (dataset_id, tag_id) VALUES ('9425d222908f3d41ea4e8c6546d4e6d8', 1932);
INSERT INTO geohub.dataset_tag (dataset_id, tag_id) VALUES ('9425d222908f3d41ea4e8c6546d4e6d8', 1933);
INSERT INTO geohub.dataset_tag (dataset_id, tag_id) VALUES ('9425d222908f3d41ea4e8c6546d4e6d8', 1936);
INSERT INTO geohub.dataset_tag (dataset_id, tag_id) VALUES ('9425d222908f3d41ea4e8c6546d4e6d8', 3435);
INSERT INTO geohub.dataset_tag (dataset_id, tag_id) VALUES ('9425d222908f3d41ea4e8c6546d4e6d8', 3443);
INSERT INTO geohub.dataset_tag (dataset_id, tag_id) VALUES ('9425d222908f3d41ea4e8c6546d4e6d8', 3487);
INSERT INTO geohub.dataset_tag (dataset_id, tag_id) VALUES ('9425d222908f3d41ea4e8c6546d4e6d8', 3503);
INSERT INTO geohub.dataset_tag (dataset_id, tag_id) VALUES ('9425d222908f3d41ea4e8c6546d4e6d8', 10284);
INSERT INTO geohub.dataset_tag (dataset_id, tag_id) VALUES ('9425d222908f3d41ea4e8c6546d4e6d8', 10449);
INSERT INTO geohub.dataset_tag (dataset_id, tag_id) VALUES ('988298148c424913ddd74ce0828cb563', 1771);
INSERT INTO geohub.dataset_tag (dataset_id, tag_id) VALUES ('988298148c424913ddd74ce0828cb563', 3435);
INSERT INTO geohub.dataset_tag (dataset_id, tag_id) VALUES ('988298148c424913ddd74ce0828cb563', 3487);
INSERT INTO geohub.dataset_tag (dataset_id, tag_id) VALUES ('988298148c424913ddd74ce0828cb563', 3509);
INSERT INTO geohub.dataset_tag (dataset_id, tag_id) VALUES ('988298148c424913ddd74ce0828cb563', 3511);
INSERT INTO geohub.dataset_tag (dataset_id, tag_id) VALUES ('988298148c424913ddd74ce0828cb563', 10260);
INSERT INTO geohub.dataset_tag (dataset_id, tag_id) VALUES ('9d4bd144db4f3d2890bf48db129ff720', 1771);
INSERT INTO geohub.dataset_tag (dataset_id, tag_id) VALUES ('9d4bd144db4f3d2890bf48db129ff720', 3435);
INSERT INTO geohub.dataset_tag (dataset_id, tag_id) VALUES ('9d4bd144db4f3d2890bf48db129ff720', 3487);
INSERT INTO geohub.dataset_tag (dataset_id, tag_id) VALUES ('9d4bd144db4f3d2890bf48db129ff720', 3509);
INSERT INTO geohub.dataset_tag (dataset_id, tag_id) VALUES ('9d4bd144db4f3d2890bf48db129ff720', 3511);
INSERT INTO geohub.dataset_tag (dataset_id, tag_id) VALUES ('9d4bd144db4f3d2890bf48db129ff720', 10260);
INSERT INTO geohub.dataset_tag (dataset_id, tag_id) VALUES ('a700def82cccc15b97d3b62cc959a613', 1771);
INSERT INTO geohub.dataset_tag (dataset_id, tag_id) VALUES ('a700def82cccc15b97d3b62cc959a613', 3435);
INSERT INTO geohub.dataset_tag (dataset_id, tag_id) VALUES ('a700def82cccc15b97d3b62cc959a613', 3487);
INSERT INTO geohub.dataset_tag (dataset_id, tag_id) VALUES ('a700def82cccc15b97d3b62cc959a613', 3509);
INSERT INTO geohub.dataset_tag (dataset_id, tag_id) VALUES ('a700def82cccc15b97d3b62cc959a613', 3511);
INSERT INTO geohub.dataset_tag (dataset_id, tag_id) VALUES ('a700def82cccc15b97d3b62cc959a613', 10260);
INSERT INTO geohub.dataset_tag (dataset_id, tag_id) VALUES ('a9eb4d7d312043c0401763e908f5d413', 22);
INSERT INTO geohub.dataset_tag (dataset_id, tag_id) VALUES ('a9eb4d7d312043c0401763e908f5d413', 1454);
INSERT INTO geohub.dataset_tag (dataset_id, tag_id) VALUES ('a9eb4d7d312043c0401763e908f5d413', 1771);
INSERT INTO geohub.dataset_tag (dataset_id, tag_id) VALUES ('a9eb4d7d312043c0401763e908f5d413', 1932);
INSERT INTO geohub.dataset_tag (dataset_id, tag_id) VALUES ('a9eb4d7d312043c0401763e908f5d413', 1933);
INSERT INTO geohub.dataset_tag (dataset_id, tag_id) VALUES ('a9eb4d7d312043c0401763e908f5d413', 1936);
INSERT INTO geohub.dataset_tag (dataset_id, tag_id) VALUES ('a9eb4d7d312043c0401763e908f5d413', 3435);
INSERT INTO geohub.dataset_tag (dataset_id, tag_id) VALUES ('a9eb4d7d312043c0401763e908f5d413', 3443);
INSERT INTO geohub.dataset_tag (dataset_id, tag_id) VALUES ('a9eb4d7d312043c0401763e908f5d413', 3487);
INSERT INTO geohub.dataset_tag (dataset_id, tag_id) VALUES ('a9eb4d7d312043c0401763e908f5d413', 3503);
INSERT INTO geohub.dataset_tag (dataset_id, tag_id) VALUES ('a9eb4d7d312043c0401763e908f5d413', 10284);
INSERT INTO geohub.dataset_tag (dataset_id, tag_id) VALUES ('a9eb4d7d312043c0401763e908f5d413', 10450);
INSERT INTO geohub.dataset_tag (dataset_id, tag_id) VALUES ('b24fc4a17fd10bc06bee75154d4897c9', 1771);
INSERT INTO geohub.dataset_tag (dataset_id, tag_id) VALUES ('b24fc4a17fd10bc06bee75154d4897c9', 3435);
INSERT INTO geohub.dataset_tag (dataset_id, tag_id) VALUES ('b24fc4a17fd10bc06bee75154d4897c9', 3487);
INSERT INTO geohub.dataset_tag (dataset_id, tag_id) VALUES ('b24fc4a17fd10bc06bee75154d4897c9', 3509);
INSERT INTO geohub.dataset_tag (dataset_id, tag_id) VALUES ('b24fc4a17fd10bc06bee75154d4897c9', 3511);
INSERT INTO geohub.dataset_tag (dataset_id, tag_id) VALUES ('b24fc4a17fd10bc06bee75154d4897c9', 10260);
INSERT INTO geohub.dataset_tag (dataset_id, tag_id) VALUES ('b5c13eafae9512877b36e3c538512829', 22);
INSERT INTO geohub.dataset_tag (dataset_id, tag_id) VALUES ('b5c13eafae9512877b36e3c538512829', 1454);
INSERT INTO geohub.dataset_tag (dataset_id, tag_id) VALUES ('b5c13eafae9512877b36e3c538512829', 1771);
INSERT INTO geohub.dataset_tag (dataset_id, tag_id) VALUES ('b5c13eafae9512877b36e3c538512829', 1932);
INSERT INTO geohub.dataset_tag (dataset_id, tag_id) VALUES ('b5c13eafae9512877b36e3c538512829', 1933);
INSERT INTO geohub.dataset_tag (dataset_id, tag_id) VALUES ('b5c13eafae9512877b36e3c538512829', 1936);
INSERT INTO geohub.dataset_tag (dataset_id, tag_id) VALUES ('b5c13eafae9512877b36e3c538512829', 3435);
INSERT INTO geohub.dataset_tag (dataset_id, tag_id) VALUES ('b5c13eafae9512877b36e3c538512829', 3443);
INSERT INTO geohub.dataset_tag (dataset_id, tag_id) VALUES ('b5c13eafae9512877b36e3c538512829', 3487);
INSERT INTO geohub.dataset_tag (dataset_id, tag_id) VALUES ('b5c13eafae9512877b36e3c538512829', 3503);
INSERT INTO geohub.dataset_tag (dataset_id, tag_id) VALUES ('b5c13eafae9512877b36e3c538512829', 10284);
INSERT INTO geohub.dataset_tag (dataset_id, tag_id) VALUES ('b5c13eafae9512877b36e3c538512829', 10448);
INSERT INTO geohub.dataset_tag (dataset_id, tag_id) VALUES ('c41c45f0cd161ba9cbc9a509b69c5802', 22);
INSERT INTO geohub.dataset_tag (dataset_id, tag_id) VALUES ('c41c45f0cd161ba9cbc9a509b69c5802', 1454);
INSERT INTO geohub.dataset_tag (dataset_id, tag_id) VALUES ('c41c45f0cd161ba9cbc9a509b69c5802', 1771);
INSERT INTO geohub.dataset_tag (dataset_id, tag_id) VALUES ('c41c45f0cd161ba9cbc9a509b69c5802', 1932);
INSERT INTO geohub.dataset_tag (dataset_id, tag_id) VALUES ('c41c45f0cd161ba9cbc9a509b69c5802', 1933);
INSERT INTO geohub.dataset_tag (dataset_id, tag_id) VALUES ('c41c45f0cd161ba9cbc9a509b69c5802', 1936);
INSERT INTO geohub.dataset_tag (dataset_id, tag_id) VALUES ('c41c45f0cd161ba9cbc9a509b69c5802', 3435);
INSERT INTO geohub.dataset_tag (dataset_id, tag_id) VALUES ('c41c45f0cd161ba9cbc9a509b69c5802', 3443);
INSERT INTO geohub.dataset_tag (dataset_id, tag_id) VALUES ('c41c45f0cd161ba9cbc9a509b69c5802', 3487);
INSERT INTO geohub.dataset_tag (dataset_id, tag_id) VALUES ('c41c45f0cd161ba9cbc9a509b69c5802', 3503);
INSERT INTO geohub.dataset_tag (dataset_id, tag_id) VALUES ('c41c45f0cd161ba9cbc9a509b69c5802', 10284);
INSERT INTO geohub.dataset_tag (dataset_id, tag_id) VALUES ('c41c45f0cd161ba9cbc9a509b69c5802', 10444);
INSERT INTO geohub.dataset_tag (dataset_id, tag_id) VALUES ('d338350b5f3536164fb3d1b71e6a85b5', 1771);
INSERT INTO geohub.dataset_tag (dataset_id, tag_id) VALUES ('d338350b5f3536164fb3d1b71e6a85b5', 3435);
INSERT INTO geohub.dataset_tag (dataset_id, tag_id) VALUES ('d338350b5f3536164fb3d1b71e6a85b5', 3487);
INSERT INTO geohub.dataset_tag (dataset_id, tag_id) VALUES ('d338350b5f3536164fb3d1b71e6a85b5', 3509);
INSERT INTO geohub.dataset_tag (dataset_id, tag_id) VALUES ('d338350b5f3536164fb3d1b71e6a85b5', 3511);
INSERT INTO geohub.dataset_tag (dataset_id, tag_id) VALUES ('d338350b5f3536164fb3d1b71e6a85b5', 10260);
INSERT INTO geohub.dataset_tag (dataset_id, tag_id) VALUES ('f47903f864bc064d8e12e2ece591c238', 22);
INSERT INTO geohub.dataset_tag (dataset_id, tag_id) VALUES ('f47903f864bc064d8e12e2ece591c238', 1454);
INSERT INTO geohub.dataset_tag (dataset_id, tag_id) VALUES ('f47903f864bc064d8e12e2ece591c238', 1771);
INSERT INTO geohub.dataset_tag (dataset_id, tag_id) VALUES ('f47903f864bc064d8e12e2ece591c238', 1932);
INSERT INTO geohub.dataset_tag (dataset_id, tag_id) VALUES ('f47903f864bc064d8e12e2ece591c238', 1933);
INSERT INTO geohub.dataset_tag (dataset_id, tag_id) VALUES ('f47903f864bc064d8e12e2ece591c238', 1936);
INSERT INTO geohub.dataset_tag (dataset_id, tag_id) VALUES ('f47903f864bc064d8e12e2ece591c238', 3435);
INSERT INTO geohub.dataset_tag (dataset_id, tag_id) VALUES ('f47903f864bc064d8e12e2ece591c238', 3443);
INSERT INTO geohub.dataset_tag (dataset_id, tag_id) VALUES ('f47903f864bc064d8e12e2ece591c238', 3487);
INSERT INTO geohub.dataset_tag (dataset_id, tag_id) VALUES ('f47903f864bc064d8e12e2ece591c238', 3503);
INSERT INTO geohub.dataset_tag (dataset_id, tag_id) VALUES ('f47903f864bc064d8e12e2ece591c238', 10284);
INSERT INTO geohub.dataset_tag (dataset_id, tag_id) VALUES ('f47903f864bc064d8e12e2ece591c238', 10451);
INSERT INTO geohub.dataset_tag (dataset_id, tag_id) VALUES ('fc14b802052964da92279dac72d3c882', 22);
INSERT INTO geohub.dataset_tag (dataset_id, tag_id) VALUES ('fc14b802052964da92279dac72d3c882', 1454);
INSERT INTO geohub.dataset_tag (dataset_id, tag_id) VALUES ('fc14b802052964da92279dac72d3c882', 1771);
INSERT INTO geohub.dataset_tag (dataset_id, tag_id) VALUES ('fc14b802052964da92279dac72d3c882', 1932);
INSERT INTO geohub.dataset_tag (dataset_id, tag_id) VALUES ('fc14b802052964da92279dac72d3c882', 1933);
INSERT INTO geohub.dataset_tag (dataset_id, tag_id) VALUES ('fc14b802052964da92279dac72d3c882', 1936);
INSERT INTO geohub.dataset_tag (dataset_id, tag_id) VALUES ('fc14b802052964da92279dac72d3c882', 3435);
INSERT INTO geohub.dataset_tag (dataset_id, tag_id) VALUES ('fc14b802052964da92279dac72d3c882', 3443);
INSERT INTO geohub.dataset_tag (dataset_id, tag_id) VALUES ('fc14b802052964da92279dac72d3c882', 3487);
INSERT INTO geohub.dataset_tag (dataset_id, tag_id) VALUES ('fc14b802052964da92279dac72d3c882', 3503);
INSERT INTO geohub.dataset_tag (dataset_id, tag_id) VALUES ('fc14b802052964da92279dac72d3c882', 10284);
INSERT INTO geohub.dataset_tag (dataset_id, tag_id) VALUES ('fc14b802052964da92279dac72d3c882', 10445);
